Timestamp,Email Address,First and Last Name,Grade Level,Will you be able to attend our end of year pot luck? (Dec 17 12;30 - 3:00 at Ginangs Room),If so what could you bring? (if you answered no leave blank),Questions?
12/7/2021 12:34:35,afontanilla3@sweetwaterschools.net,Aaleen fontanilla ,10,No,Notjing,
12/7/2021 12:23:27,avossenkemper2@sweetwaterschools.net,Aaron Vossenkemper ,10,No,,None
12/7/2021 12:24:04,amendoza59@sweetwaterschools.net,alanna mendoza,10,No,,
12/7/2021 12:22:01,acastillo28@sweetwaterschools.net,Armien castillo,11,No,,
12/7/2021 12:24:38,,,10,No,,
12/7/2021 12:24:04,,,11,No,,
12/7/2021 12:23:45,btojino@sweetwaterschools.net,Breanna Tojino,10,No,,
12/7/2021 12:23:41,cmanahan@sweetwaterschools.net,Charlize Manahan,11,No,,
12/7/2021 12:24:09,ddeleon8@sweetwaterschools.net,Daphne Deleon,10,No,,
12/7/2021 12:22:28,dlusung@sweetwaterschools.net,Dylan Lusung,10,No,,
12/7/2021 12:24:32,etimple@sweetwaterschools.net,Enzo Timple,10,No,,
12/7/2021 12:24:00,,,10,No,,
12/7/2021 12:23:26,frafael@sweetwaterschools.net,fiona rafael,11,No,,
12/7/2021 12:25:50,fmedina7@sweetwaterschools.net,Franmari Medina,10,No,,
12/7/2021 12:25:51,gabella@sweetwaterschools.net,Gianella Abella,10,No,,nope
12/7/2021 12:21:51,jmalicdem2@sweetwaterschools.net,Janelle Malicdem,10,No,,
12/7/2021 12:51:44,jluzadas@sweetwaterschools.net,Jason Luzadas,11,No,,
12/7/2021 12:24:29,jhermosura2@sweetwaterschools.net,John Edward Hermosura,10,No,,
12/7/2021 12:35:02,jlivingston2@sweetwaterschools.net,Josephine Livingston,10,No,,
12/9/2021 12:29:30,jsantiago10@sweetwaterschools.net,Joshua Angelo Santiago ,9,No,x,
12/9/2021 12:29:34,jluzadas2@sweetwaterschools.net,Joshua Luzadas,9,Yes,x,
12/7/2021 12:27:15,kbatac@sweetwaterschools.net,Kayla Batac,10,No,,None
12/7/2021 12:22:55,kreyes15@sweetwaterschools.net,Keilana Reyes,10,No,,
12/7/2021 12:22:33,,,11,No,,
12/7/2021 12:27:39,kaquino2@sweetwaterschools.net,Kristian Aquino,11,Yes,Not sure yet,
12/7/2021 12:22:55,,,11,No,,
12/7/2021 12:23:31,lnavarro7@sweetwaterschools.net,Lino Navarro,11,No,,N/A
12/9/2021 12:29:32,mmacias19@sweetwaterschools.net,Manuel Macias,9,No,x,
12/7/2021 12:23:07,nmontano4@sweetwaterschools.net,Nathaniel Montano,11,No,,
12/7/2021 12:25:26,ndelcastillo2@sweetwaterschools.net,Nya Delcastillo,10,Yes,idk yet,
12/7/2021 12:23:50,rrevilla2@sweetwaterschools.net,Reanne Revilla,10,No,,
12/7/2021 12:28:16,rdelmundo2@sweetwaterschools.net,Rhianna Delmundo ,10,No,,
12/7/2021 12:24:17,btojino@sweetwaterschools.net,Vanessa Mitchel,10,No,,